,City,Cloudiness,Country,Date,Humidity,Lat,Lng,Max Temp,Wind Speed
0,Vilyuysk,24,RU,1512355504,43,63.76,121.62,-27.64,2.71
1,Port Alfred,24,ZA,1512355131,100,-33.59,26.89,62.09,3.27
2,Pangkalanbuun,12,ID,1512355281,96,-2.68,111.62,85.54,3.94
3,Georgetown,56,GY,1512352800,88,6.8,-58.16,78.8,6.93
4,Esperance,44,AU,1512354820,38,-33.87,121.9,82.16,14.12
5,Coihaique,0,CL,1512352800,52,-45.58,-72.07,64.4,3.36
6,Paulo Afonso,0,BR,1512355507,62,-9.41,-38.21,78.16,13.44
7,Qaanaaq,76,GL,1512355120,87,77.48,-69.36,14.57,3.71
8,Tateyama,75,JP,1512352800,62,34.98,139.87,55.4,6.93
9,Mangrol,88,IN,1512355508,78,21.12,70.12,73.57,13.56
11,Lagoa,76,PT,1512355337,95,39.05,-27.98,67.04,19.82
12,Necochea,0,AR,1512355509,93,-38.55,-58.74,51.29,9.42
13,Atuona,0,PF,1512355071,98,-9.8,-139.03,81.44,17.81
14,Katsuura,75,JP,1512352800,50,35.13,140.3,53.6,4.7
15,Madang,68,PG,1512355510,100,-5.22,145.8,77.93,0.69
16,Hasaki,75,JP,1512352800,62,35.73,140.83,55.4,9.17
17,Kodiak,90,US,1512354780,87,57.79,-152.41,42.8,16.11
18,Souillac,75,MU,1512352800,78,-20.52,57.52,78.8,8.05
19,Ostrovnoy,48,RU,1512355513,88,68.05,39.51,27.04,11.65
20,Ixtapa,75,MX,1512351840,88,20.7,-105.2,77.0,1.92
22,Kuching,75,MY,1512352800,83,1.55,110.33,84.2,2.24
23,Port-Gentil,24,GA,1512355514,100,-0.72,8.78,77.44,3.71
24,Yarmouth,90,US,1512353700,86,41.71,-70.23,42.8,4.7
26,Busselton,48,AU,1512355106,94,-33.65,115.33,69.83,4.61
27,Rikitea,88,PF,1512355067,100,-23.12,-134.97,77.35,11.77
28,Takestan,0,IR,1512352800,74,36.07,49.7,28.4,4.7
30,Avarua,75,CK,1512352800,83,-21.21,-159.78,80.6,10.29
31,Provideniya,75,RU,1512352800,100,64.38,-173.3,32.0,13.42
32,Novoagansk,88,RU,1512355518,81,61.94,76.66,25.37,9.42
33,Punta Arenas,0,CL,1512352800,66,-53.15,-70.92,55.4,16.11
35,Albany,40,US,1512352440,92,42.65,-73.76,35.6,2.37
38,Severo-Kurilsk,56,RU,1512355039,100,50.68,156.12,25.46,15.01
39,Vaini,75,TO,1512352800,79,-21.2,-175.2,84.2,17.22
40,Pimentel,76,PE,1512352800,82,-6.84,-79.93,66.2,17.22
41,Vestmannaeyjar,92,IS,1512355522,98,63.44,-20.27,43.96,14.79
42,Nome,20,US,1512352380,100,64.5,-165.41,26.6,12.75
43,Hilo,75,US,1512352560,60,19.73,-155.09,75.2,5.82
44,Jamestown,1,US,1512352560,74,42.1,-79.24,37.4,4.7
45,Butaritari,56,KI,1512355108,98,3.07,172.79,84.55,17.36
46,Castro,36,BR,1512355069,98,-24.79,-50.01,60.83,4.05
48,Tual,68,ID,1512355525,100,-5.67,132.75,81.67,6.17
49,Bluff,88,NZ,1512355105,76,-46.6,168.33,68.71,15.01
50,Khatanga,0,RU,1512355526,26,71.97,102.5,-18.15,9.98
51,Cape Town,0,ZA,1512352800,72,-33.93,18.42,60.8,12.75
52,Hermanus,48,ZA,1512355112,91,-34.42,19.23,52.51,3.49
55,Arraial do Cabo,90,BR,1512352800,94,-22.97,-42.03,73.4,8.05
56,Kapaa,40,US,1512352560,69,22.08,-159.32,78.8,14.99
59,Longyearbyen,40,SJ,1512352200,80,78.22,15.64,30.2,12.75
60,Majene,0,ID,1512355529,94,-3.54,118.97,85.49,4.72
63,Alta Floresta,24,BR,1512355530,93,-9.88,-56.09,74.92,1.7
64,New Norfolk,75,AU,1512352800,41,-42.78,147.06,60.8,17.22
65,Ancud,12,CL,1512355368,88,-41.87,-73.82,55.34,2.59
66,Bourail,92,NC,1512355531,100,-21.57,165.48,71.63,1.48
67,Bethel,1,US,1512352560,100,41.37,-73.41,44.6,2.04
68,Narsaq,0,GL,1512352200,86,60.92,-46.05,28.4,4.7
69,San Policarpo,80,PH,1512355093,92,12.18,125.51,82.75,7.74
70,Mahebourg,75,MU,1512352800,78,-20.41,57.7,78.8,8.05
71,Hithadhoo,80,MV,1512355088,100,-0.6,73.08,80.05,11.65
72,Kytmanovo,68,RU,1512355534,80,53.46,85.45,8.54,9.42
75,Yellowknife,90,CA,1512352800,75,62.46,-114.35,-13.01,2.24
76,Lodwar,0,KE,1512355535,59,3.12,35.6,71.27,6.85
77,Le Port,20,RE,1512352800,65,-20.94,55.29,78.8,19.46
78,Ipora,64,BR,1512355536,96,-16.44,-51.12,70.37,2.93
80,Greencastle,1,US,1512353700,70,39.64,-86.86,48.2,6.93
81,Sao Filipe,0,CV,1512355140,97,14.9,-24.5,76.94,16.58
82,Maragogi,92,BR,1512355501,97,-9.01,-35.22,75.86,7.18
83,Roma,75,IT,1512354000,86,41.89,12.48,42.8,8.05
87,Longyan,20,CN,1512355539,76,25.11,117.02,60.7,2.59
88,Goderich,8,CA,1512355540,76,43.75,-81.72,31.22,5.17
91,Port Lincoln,44,AU,1512355300,93,-34.73,135.87,62.81,9.19
92,Traverse City,20,US,1512353760,86,44.76,-85.62,44.6,13.89
93,Byron Bay,75,AU,1512352800,83,-28.65,153.62,75.2,6.93
94,Ushuaia,0,AR,1512352800,58,-54.8,-68.3,55.4,12.33
95,Jijiga,0,ET,1512355542,94,9.35,42.8,35.77,4.94
96,Haines Junction,88,CA,1512355134,79,60.75,-137.51,6.02,2.26
97,Caravelas,32,BR,1512355543,100,-17.71,-39.25,79.15,20.6
98,Aviles,92,ES,1512354600,87,43.55,-5.92,44.6,3.36
99,Monrovia,0,LR,1512355544,96,6.3,-10.8,83.78,11.77
100,Saqqez,0,IR,1512355545,66,36.25,46.27,15.34,3.49
103,Dutse,0,NG,1512355546,42,11.76,9.34,58.31,6.85
104,College,90,US,1512352680,85,64.86,-147.8,17.6,8.41
105,Deputatskiy,48,RU,1512355547,66,69.3,139.9,-15.72,2.93
106,Chokurdakh,64,RU,1512355547,74,70.63,147.92,6.02,14.23
107,Trinidad,0,CU,1512352740,94,21.8,-79.98,68.0,8.05
108,Tasiilaq,0,GL,1512355548,100,65.61,-37.64,17.77,5.95
109,Clifton,1,US,1512354300,80,40.86,-74.16,46.4,2.37
110,Lebu,24,CL,1512355549,98,-37.62,-73.65,54.44,11.77
113,Igarka,80,RU,1512355550,87,67.47,86.58,11.78,10.2
114,Sayyan,24,YE,1512355551,76,15.17,44.32,31.58,2.71
115,Dingle,24,PH,1512355552,68,11.0,122.67,86.17,11.1
116,Mazamari,44,PE,1512355552,94,-11.33,-74.53,64.79,1.36
119,Keetmanshoop,0,NA,1512355553,26,-26.58,18.13,53.41,3.49
120,Luderitz,0,NA,1512352800,76,-26.65,15.16,57.2,6.93
121,Tuktoyaktuk,20,CA,1512352800,84,69.45,-133.04,-2.21,11.41
122,Merauke,36,ID,1512355555,78,-8.47,140.33,89.32,10.31
125,Torbay,90,CA,1512352800,100,47.67,-52.73,32.0,12.75
126,Puerto Ayora,100,EC,1512355063,98,-0.74,-90.35,70.19,9.42
128,Santo Antonio do Ica,24,BR,1512355556,89,-3.1,-67.94,78.29,3.6
134,Mitu,20,CO,1512355298,90,1.2,-70.17,77.35,2.71
137,Inuvik,20,CA,1512352800,77,68.35,-133.72,-2.21,6.93
138,Zapolyarnyy,0,RU,1512354000,86,69.42,30.81,28.4,16.11
139,Yining,0,CN,1512355561,88,29.04,114.56,51.29,3.6
140,Banos,20,EC,1512352800,87,-1.4,-78.42,55.4,2.24
141,Tiksi,48,RU,1512355124,30,71.69,128.87,-20.8,2.71
143,Kaseda,75,JP,1512352800,81,31.42,130.32,51.8,11.41
144,Saldanha,0,ZA,1512352800,81,-33.01,17.94,53.6,6.93
145,Taksimo,44,RU,1512355566,60,56.34,114.88,-15.04,2.15
148,Dikson,12,RU,1512355068,93,73.51,80.55,7.24,17.69
150,Tuatapere,92,NZ,1512355076,75,-46.13,167.68,65.65,14.79
152,Mount Gambier,76,AU,1512355349,77,-37.83,140.77,60.56,6.17
153,Gamba,92,GA,1512355418,99,-2.65,10.0,75.37,3.6
157,Asau,90,RO,1512354600,100,46.43,26.4,33.8,2.59
158,Kavieng,68,PG,1512355081,100,-2.57,150.8,84.77,16.46
159,Monroe,1,US,1512353700,63,32.51,-92.12,62.6,4.7
160,Sitka,90,US,1512354660,81,57.05,-135.33,44.6,11.41
163,Port Elizabeth,0,ZA,1512352800,93,-33.92,25.57,55.4,5.82
164,Thompson,90,CA,1512352800,85,55.74,-97.86,21.2,2.71
165,Chuy,76,UY,1512355574,93,-33.7,-53.46,63.94,15.46
166,Hobart,75,AU,1512351000,51,-42.88,147.33,59.0,18.34
167,Geraldton,75,AU,1512352800,69,-28.77,114.6,78.8,12.75
168,Sistranda,40,NO,1512352200,100,63.73,8.83,39.2,18.34
169,Maceio,40,BR,1512352800,88,-9.67,-35.74,75.2,3.36
171,Nago,90,JP,1512353760,77,26.59,127.98,71.6,13.87
172,Bredasdorp,12,ZA,1512352800,77,-34.53,20.04,59.0,2.24
174,Inhambane,32,MZ,1512355577,99,-23.86,35.38,75.23,9.86
175,Clyde River,20,CA,1512352800,83,70.47,-68.59,-11.21,2.24
176,Saskylakh,12,RU,1512355062,38,71.92,114.08,-25.12,7.4
178,Buraydah,0,SA,1512355579,65,26.33,43.98,36.4,2.15
180,Yulara,0,AU,1512352800,22,-25.24,130.99,77.0,13.87
181,Raisinghnagar,0,IN,1512355580,79,29.54,73.45,51.92,3.15
184,Half Moon Bay,1,US,1512352560,54,37.46,-122.43,55.4,9.17
185,Jeremie,24,HT,1512355581,97,18.65,-74.12,78.92,13.67
191,Poum,36,NC,1512355583,100,-20.23,164.02,78.25,8.52
193,Wamba,0,NG,1512355584,62,8.93,8.6,63.4,3.6
195,Adrar,20,DZ,1512352800,33,27.87,-0.29,46.4,16.11
196,Korsakov,75,RU,1512352800,73,46.63,142.78,19.4,8.95
200,Ellensburg,1,US,1512354420,69,47.0,-120.55,42.8,16.11
203,Faanui,0,PF,1512355127,98,-16.48,-151.75,82.84,10.31
204,Dogondoutchi,56,NE,1512355587,61,13.64,4.03,62.86,3.6
206,Leshukonskoye,92,RU,1512355588,77,64.9,45.76,31.09,8.86
207,Dhidhdhoo,0,MV,1512355589,100,6.88,73.1,82.66,10.09
208,Kaya,0,BF,1512355589,56,13.09,-1.08,57.01,2.71
209,Coquimbo,0,CL,1512352800,82,-29.95,-71.34,57.2,2.24
210,Bundibugyo,8,UG,1512355590,83,0.74,30.04,58.49,2.15
215,Khovu-Aksy,20,RU,1512355592,76,51.13,93.6,-0.46,3.6
217,Kahului,40,US,1512352560,61,20.89,-156.47,77.0,23.04
218,Panlaitan,0,PH,1512355593,89,12.12,119.85,85.9,7.74
219,Vostok,44,RU,1512355594,58,46.49,135.88,1.12,3.38
220,Saint George,1,US,1512352560,19,37.1,-113.58,59.0,21.92
224,Burgeo,0,CA,1512355595,100,47.62,-57.62,34.42,17.69
229,Upernavik,44,GL,1512355066,100,72.79,-56.15,22.94,10.65
237,Evensk,88,RU,1512355599,100,61.95,159.23,23.03,11.21
238,Saint-Pierre,0,RE,1512352800,78,-21.34,55.48,78.8,6.93
239,Ribeira Grande,56,PT,1512355125,94,38.52,-28.7,67.36,16.69
240,Flinders,90,AU,1512352800,77,-34.58,150.86,60.8,13.87
242,Namibe,0,AO,1512355601,100,-15.2,12.15,68.48,6.62
246,Mogadishu,0,SO,1512355443,97,2.04,45.34,81.17,17.02
247,Clinton,1,US,1512353820,89,42.59,-82.92,42.8,4.05
252,Barrow,90,US,1512352380,84,71.29,-156.79,5.0,25.28
257,Pustoshka,80,RU,1512355605,93,56.34,29.37,23.44,11.43
258,Bambous Virieux,75,MU,1512352800,78,-20.34,57.76,78.8,8.05
259,Leningradskiy,80,RU,1512355607,93,69.38,178.42,24.7,13.22
263,Mackay,88,AU,1512352800,66,-21.15,149.2,86.0,5.82
266,Aki,75,JP,1512352800,81,33.5,133.9,48.2,12.75
267,Cherskiy,80,RU,1512355325,74,68.75,161.3,18.62,9.98
271,Dvorichna,64,UA,1512355610,92,49.85,37.69,37.97,10.09
272,Kodinsk,68,RU,1512355611,71,58.69,99.18,10.66,7.96
276,Vila Franca do Campo,40,PT,1512354600,82,37.72,-25.43,66.2,10.29
278,Juazeiro,0,BR,1512352800,44,-9.41,-40.5,78.8,2.24
281,Hofn,88,IS,1512355614,100,64.25,-15.21,35.14,5.28
282,Korla,56,CN,1512355388,76,41.76,86.15,22.0,1.14
286,Lubbock,75,US,1512353700,55,33.58,-101.86,62.6,16.11
287,Gweta,48,BW,1512355616,46,-20.18,25.23,77.93,4.72
288,Bintulu,90,MY,1512352800,94,3.17,113.03,77.0,5.82
289,Codrington,12,AU,1512355617,93,-38.27,141.97,60.16,13.11
291,Kalengwa,56,ZM,1512355618,94,-13.47,25.0,66.37,3.6
297,Bonavista,88,CA,1512355619,100,48.65,-53.11,35.36,16.46
299,Cardston,75,CA,1512352800,73,49.2,-113.3,24.8,11.41
302,Leninskoye,0,RU,1512355621,56,47.94,132.62,-5.55,6.17
306,Louis Trichardt,12,ZA,1512355622,40,-23.04,29.9,70.06,6.06
307,Kajiado,75,KE,1512354600,87,-1.85,36.78,60.8,6.93
308,Lodja,88,CD,1512355624,98,-3.48,23.43,69.29,2.26
310,Padang,32,ID,1512355625,100,-0.95,100.35,77.89,6.85
311,Pisco,0,PE,1512352800,82,-13.7,-76.22,66.2,12.75
313,Monte Patria,0,CL,1512355626,81,-30.69,-70.95,47.02,2.04
318,Balad,0,IQ,1512355627,80,34.02,44.15,38.87,2.71
319,Sinyavskoye,40,RU,1512352800,93,47.28,39.28,39.2,11.18
321,Ponta do Sol,75,PT,1512352800,67,32.67,-17.1,62.6,6.93
322,Azare,0,NG,1512355629,50,11.68,10.19,57.86,4.94
324,Nioki,48,CD,1512355630,97,-2.72,17.68,73.34,1.81
326,East London,80,ZA,1512355078,100,-33.02,27.91,67.13,2.71
327,Hirara,75,JP,1512352800,73,24.8,125.28,73.4,16.11
328,Cabedelo,20,BR,1512352800,83,-6.98,-34.83,78.8,5.82
329,Mounana,76,GA,1512355632,95,-1.41,13.16,72.49,2.48
330,Carnarvon,92,AU,1512355091,67,-24.87,113.63,82.88,8.75
331,Qasigiannguit,56,GL,1512352200,62,68.82,-51.19,21.2,6.93
335,Eirunepe,12,BR,1512355635,91,-6.66,-69.87,78.34,1.7
336,Pithora,0,IN,1512355635,67,21.27,82.52,65.92,4.16
340,Vammala,75,FI,1512354000,96,61.33,22.9,33.8,4.7
343,Victoria,75,CA,1512353700,80,48.43,-123.37,41.0,3.36
349,Mar del Plata,75,AR,1512352800,87,-38.0,-57.56,55.4,12.75
350,Dickinson,90,US,1512354660,100,29.46,-95.05,69.8,8.05
352,Chandler,75,US,1512352680,35,33.31,-111.84,73.4,2.04
353,Brewster,75,US,1512354120,70,41.4,-73.62,42.8,4.7
356,San Andres del Rabanedo,0,ES,1512355641,75,42.61,-5.62,17.99,4.72
357,Alofi,24,NU,1512352800,83,-19.06,-169.92,84.2,11.41
372,Ilebo,56,CD,1512355645,94,-4.32,20.58,72.76,2.37
375,Neyyattinkara,20,IN,1512354600,83,8.4,77.08,80.6,3.36
378,Kilmallock,20,IE,1512352800,100,52.4,-8.58,44.6,2.24
380,Kajaani,90,FI,1512354000,93,64.17,27.67,32.0,2.24
381,Samoded,92,RU,1512355648,80,63.61,40.51,31.81,10.65
382,Ponerihouen,92,NC,1512355649,100,-21.08,165.4,73.97,16.46
383,Ilhabela,64,BR,1512355649,97,-23.78,-45.36,71.5,12.1
384,Shimoda,75,JP,1512352800,62,34.67,138.95,55.4,6.93
386,Acurenam,76,GQ,1512355651,97,1.03,10.65,70.69,2.93
388,Shumskiy,64,RU,1512355651,61,54.83,99.13,26.81,8.97
390,Jardim,64,BR,1512355652,92,-21.48,-56.14,76.04,3.6
391,Portland,40,US,1512352920,86,45.52,-122.68,44.6,4.16
392,Namie,75,JP,1512352800,84,37.48,141.0,51.8,1.12
393,Shiraz,0,IR,1512352800,64,29.6,52.54,37.4,2.26
395,Thai Binh,0,VN,1512355654,71,20.45,106.33,69.7,13.44
399,Yishui,0,CN,1512355655,54,35.78,118.63,34.28,13.44
400,Oro Valley,1,US,1512352680,34,32.39,-110.97,69.8,3.36
401,Ludvika,0,SE,1512354000,79,60.15,15.19,28.4,12.75
404,Eyl,0,SO,1512355657,100,7.98,49.82,74.33,20.27
406,Temnikov,92,RU,1512355659,99,54.63,43.21,34.19,8.52
407,Arroyo,0,ES,1512355659,74,41.61,-4.8,21.41,2.71
408,Muravlenko,64,RU,1512355660,91,63.79,74.52,26.18,15.79
410,Camacha,40,PT,1512354600,55,33.08,-16.33,64.4,12.75
411,Mongomo,68,GQ,1512355661,99,1.63,11.31,71.05,2.37
412,Arcata,1,US,1512354900,87,40.87,-124.08,46.4,5.82
416,Vermilion,1,US,1512352380,69,41.42,-82.36,42.8,4.7
418,Alice Springs,0,AU,1512352800,37,-23.7,133.88,75.2,16.11
421,Wattegama,36,LK,1512355664,96,6.8,81.48,78.11,3.6
422,Cidreira,44,BR,1512355665,96,-30.18,-50.21,68.21,3.49
423,Lasa,75,IT,1512354000,72,46.62,10.7,19.4,1.12
428,Isangel,75,VU,1512352800,83,-19.55,169.27,80.6,5.82
429,Zhigansk,20,RU,1512355668,0,66.77,123.37,-36.91,4.16
430,Riverbank,1,US,1512354900,80,37.74,-120.94,51.8,3.36
433,Lichuan,92,CN,1512355669,95,30.3,108.85,48.91,2.93
434,Lorengau,64,PG,1512355671,98,-2.02,147.27,85.13,18.25
436,Inirida,0,CO,1512355672,95,3.87,-67.92,74.42,1.92
444,Hambantota,0,LK,1512355674,100,6.12,81.12,79.46,3.38
445,Lixourion,92,GR,1512355675,100,38.2,20.43,58.49,13.78
449,Phalombe,36,MW,1512355676,96,-15.81,35.65,66.59,6.4
450,Mtambile,0,TZ,1512355677,100,-5.38,39.7,81.08,3.94
452,Lavrentiya,88,RU,1512355678,100,65.58,-171.0,31.36,11.21
455,Inverell,0,AU,1512355679,64,-29.78,151.12,71.99,4.05
456,Ivanteyevka,90,RU,1512352800,92,55.97,37.92,30.2,6.71
458,Balabac,12,PH,1512355680,94,7.99,117.06,85.49,6.62
465,Ilulissat,56,GL,1512352200,62,69.22,-51.1,21.2,6.93
467,Barentu,0,ER,1512355684,90,15.11,37.59,55.12,3.15
468,Zaysan,36,KZ,1512355684,73,47.47,84.87,8.54,2.26
469,Sawtell,100,AU,1512352800,73,-30.38,153.1,77.0,17.22
471,Oblivskaya,92,RU,1512355686,94,48.54,42.5,39.77,10.65
473,Calvinia,12,ZA,1512355686,86,-31.47,19.78,41.71,2.59
476,Martinsville,1,US,1512353700,74,36.69,-79.87,50.0,2.26
478,Agadez,0,NE,1512355688,60,19.75,10.25,49.31,2.82
480,Innisfail,80,AU,1512355689,79,-17.53,146.03,79.91,3.15
481,Laje,0,BR,1512355689,53,-10.18,-40.97,74.74,9.64
482,Champaign,1,US,1512353700,70,40.12,-88.24,51.8,9.17
483,Xining,0,CN,1512355421,59,36.62,101.77,15.61,3.38
490,Collie,92,AU,1512355692,100,-33.37,116.15,65.69,3.38
491,Bhabua,20,IN,1512355693,82,25.05,83.62,57.37,2.93
496,Vung Tau,40,VN,1512352800,88,10.35,107.08,82.4,5.82
497,Bochnia,40,PL,1512354600,74,49.97,20.43,28.4,18.34
499,Lieksa,80,FI,1512355696,91,63.32,30.02,29.65,4.83
505,Te Anau,100,NZ,1512355649,46,-45.42,167.72,68.21,13.89
510,Kruisfontein,0,ZA,1512355685,92,-34.0,24.73,57.55,5.17
515,Phu Ly,0,VN,1512355701,71,20.54,105.91,69.7,13.44
518,Kushima,75,JP,1512352800,93,31.46,131.23,55.4,2.24
519,Nizhnyaya Omka,92,RU,1512355702,86,55.43,74.94,15.61,13.67
521,Mana,0,GF,1512355703,82,5.66,-53.78,77.21,4.16
523,Dallas,40,US,1512353700,72,32.78,-96.81,69.8,13.87
525,Belaya Gora,76,RU,1512355704,83,68.53,146.42,3.55,14.0
527,Nouadhibou,0,MR,1512352800,68,20.93,-17.03,68.0,19.46
528,Gannan,12,CN,1512355706,56,47.91,123.5,-1.0,4.16
533,Taybad,12,IR,1512355707,100,34.74,60.78,15.52,3.38
534,Juneau,90,US,1512354120,100,58.3,-134.42,39.2,18.34
535,Quebec,90,CA,1512352800,80,46.81,-71.21,30.2,5.82
538,Kununurra,64,AU,1512352800,59,-15.77,128.73,91.4,5.82
542,Twentynine Palms,1,US,1512352560,23,34.14,-116.05,69.8,18.34
543,Nanortalik,0,GL,1512355712,100,60.14,-45.24,26.41,13.78
545,Aksha,24,RU,1512355713,38,50.28,113.29,9.49,8.86
547,Axim,32,GH,1512355714,100,4.87,-2.24,81.4,3.6
548,Karratha,12,AU,1512355714,10,-20.74,116.85,100.97,15.23
549,Gasa,8,BT,1512355715,33,27.9,89.73,12.64,1.14
555,Mtinko,0,TZ,1512355716,84,-4.55,34.85,58.9,5.84
567,Burnie,88,AU,1512355722,99,-41.07,145.92,61.96,1.36
570,North Bend,75,US,1512352560,93,43.41,-124.22,42.8,5.82
571,Sembakung,48,ID,1512355623,80,3.82,117.25,84.77,2.93
574,Bagu,92,PH,1512355724,100,18.42,121.36,76.45,9.86
576,Vagur,92,FO,1512355725,96,61.47,-6.81,47.33,17.25
579,Zemio,12,CF,1512355727,87,5.03,25.14,66.32,2.93
583,Kabare,32,CD,1512355729,100,-2.47,28.82,53.41,1.36
584,Manali,20,IN,1512354600,83,13.17,80.27,78.8,3.36
591,Khuzdar,0,PK,1512355732,56,27.74,66.64,29.47,4.94
594,Burns Lake,0,CA,1512355734,90,54.23,-125.75,10.57,2.15
596,Zaranj,0,AF,1512352800,49,30.97,61.88,32.0,11.41
600,Sept-Iles,90,CA,1512352800,92,50.2,-66.38,14.0,2.24
601,Diu,92,IN,1512355740,58,20.71,70.98,72.85,10.42
603,Abnub,0,EG,1512352800,71,27.27,31.15,53.6,2.82
604,Hamilton,20,CA,1512354000,100,43.23,-79.95,39.2,2.24
605,Merrill,1,US,1512353700,60,45.18,-89.68,41.0,4.7
609,Luganville,88,VU,1512355746,100,-15.53,167.17,77.48,3.94
611,Grindavik,75,IS,1512352800,100,63.84,-22.43,37.4,4.7
615,Cockburn Town,68,TC,1512355686,100,21.46,-71.14,77.39,18.7
616,Baruun-Urt,24,MN,1512355748,66,46.68,113.28,5.89,10.31
619,Banjar,40,ID,1512352800,79,-8.19,114.97,84.2,5.82
620,Meulaboh,92,ID,1512355750,100,4.14,96.13,78.16,17.47
622,Lata,0,PT,1512352800,93,40.16,-8.33,35.6,1.12
625,Birao,0,CF,1512355753,59,10.28,22.79,61.87,5.73
628,Pringsewu,36,ID,1512355754,75,-5.36,104.97,85.67,1.36
629,Zvishavane,0,ZW,1512355754,54,-20.33,30.07,60.11,3.38
630,Arlit,0,NE,1512355755,43,18.74,7.39,52.96,3.71
631,Nichinan,75,JP,1512352800,93,31.6,131.37,55.4,2.24
637,Hue,75,VN,1512352800,100,16.47,107.6,73.4,4.7
639,Beringovskiy,80,RU,1512355757,91,63.05,179.32,29.78,10.65
643,Suntar,36,RU,1512355759,35,62.14,117.63,-23.5,2.71
652,Sinop,24,TR,1512355762,75,41.77,34.87,52.01,3.38
657,Saint-Augustin,44,CA,1512355763,100,51.23,-58.65,28.88,13.11
658,Kilindoni,68,TZ,1512355764,100,-7.91,39.67,82.75,4.27
669,Luanda,8,AO,1512355768,100,-8.84,13.23,74.06,2.59
672,Port Keats,0,AU,1512355769,87,-14.25,129.55,90.31,7.74
673,Wuwei,0,CN,1512355770,58,37.93,102.64,18.98,2.59
675,Tucumcari,1,US,1512352380,35,35.17,-103.72,57.2,13.87
678,Niquelandia,24,BR,1512355772,89,-14.47,-48.46,68.89,2.71
680,Krasnovishersk,92,RU,1512355641,91,60.41,57.08,26.81,9.53
681,Whitianga,0,NZ,1512355773,100,-36.83,175.7,66.91,10.98
687,Cabo San Lucas,20,MX,1512352200,78,22.89,-109.91,75.2,9.64
689,Zhoucheng,0,CN,1512355776,51,35.91,116.31,36.22,13.22
691,Saint-Philippe,0,RE,1512352800,78,-21.36,55.77,78.8,6.93
693,Pevek,68,RU,1512355778,86,69.7,170.31,23.57,17.25
695,Ternate,0,ID,1512355778,100,0.8,127.4,84.37,7.4
696,Barquisimeto,8,VE,1512355681,84,10.07,-69.32,69.83,7.63
699,Little Current,1,CA,1512352800,92,45.98,-81.92,30.2,4.7
701,Cayenne,0,GF,1512352800,94,4.93,-52.33,73.4,7.85
703,Dzhebariki-Khaya,48,RU,1512355781,0,62.22,135.8,-44.02,2.59
715,Darovskoy,80,RU,1512355785,95,58.77,47.96,30.59,7.4
717,Grand Gaube,75,MU,1512352800,78,-20.01,57.66,78.8,8.05
719,Ponta Delgada,40,PT,1512354600,82,37.73,-25.67,66.2,10.29
721,Catalina,1,US,1512352680,34,32.51,-110.92,69.8,3.36
726,Niagara Falls,20,CA,1512352800,91,43.1,-79.07,39.2,6.93
727,Gerede,36,TR,1512355789,73,40.8,32.2,29.02,3.15
729,Salinopolis,24,BR,1512355790,94,-0.61,-47.36,81.71,17.47
730,Sydney,75,AU,1512353340,100,-33.87,151.21,66.2,20.8
734,Roald,68,NO,1512354000,93,62.58,6.13,37.4,11.41
735,Havre-Saint-Pierre,90,CA,1512352800,85,50.23,-63.6,23.0,6.93
742,Mehamn,88,NO,1512355794,100,71.04,27.85,32.57,14.67
747,Shache,24,CN,1512355795,73,38.42,77.24,22.76,3.38
748,Bengkulu,92,ID,1512355796,100,-3.8,102.27,76.49,7.63
749,Bustamante,0,MX,1512355796,91,26.53,-100.5,57.64,4.61
752,Girona,0,ES,1512354600,92,41.98,2.82,24.8,8.3
753,Pitimbu,20,BR,1512352800,83,-7.47,-34.81,78.8,5.82
756,Mariakani,20,KE,1512355799,92,-3.86,39.47,70.46,2.71
757,Ribas do Rio Pardo,12,BR,1512355799,97,-20.44,-53.76,72.44,5.84
758,Morshansk,92,RU,1512355800,94,53.44,41.81,34.42,11.88
759,Kabinda,88,CD,1512355800,98,-6.13,24.48,66.55,3.94
761,Madhupur,0,IN,1512355801,69,24.25,86.65,61.6,5.39
762,Sinnamary,80,GF,1512355802,98,5.38,-52.95,80.27,11.21
767,Bandarbeyla,0,SO,1512355803,100,9.49,50.81,80.41,24.29
771,Coyah,12,GN,1512355804,89,9.71,-13.38,71.72,2.82
774,Finschhafen,64,PG,1512355805,100,-6.6,147.87,77.39,2.59
775,Taoudenni,0,ML,1512355806,32,22.68,-3.98,61.51,13.0
777,Fort Nelson,90,CA,1512352800,84,58.81,-122.7,1.4,2.24
782,Sergeyevka,80,KZ,1512355778,82,53.88,67.42,18.17,15.12
786,Ossora,56,RU,1512355810,95,59.24,163.07,9.4,4.05
790,Kuryk,0,KZ,1512355811,100,43.2,51.65,35.54,20.94
793,Washington,90,US,1512354420,92,47.5,-120.5,37.4,8.05
796,Awjilah,44,LY,1512355813,75,29.11,21.29,48.86,2.93
797,Thinadhoo,80,MV,1512355813,100,0.53,72.93,80.41,12.77
800,Harper,20,LR,1512355814,100,4.38,-7.72,79.19,5.28
801,Kattivakkam,20,IN,1512354600,83,13.22,80.32,78.8,3.36
804,Constitucion,0,CL,1512355765,96,-35.33,-72.42,53.5,9.08
805,Iguape,56,BR,1512355816,100,-24.71,-47.56,71.36,7.96
806,San Joaquin,40,VE,1512352800,83,10.26,-67.79,78.8,2.59
807,Srednekolymsk,88,RU,1512355817,67,67.45,153.68,14.21,6.96
808,Fortuna,1,US,1512354900,87,40.6,-124.16,46.4,5.82
812,Huautla,12,MX,1512355593,86,21.03,-98.28,66.55,2.93
824,Mitsamiouli,32,KM,1512355824,100,-11.38,43.28,80.81,6.51
828,Yar-Sale,32,RU,1512355827,85,66.83,70.83,21.86,14.45
830,Griffith,1,US,1512353700,65,41.53,-87.42,51.8,9.17
832,Tabas,0,IR,1512355828,49,33.6,56.92,19.57,2.71
838,Naze,75,JP,1512352800,64,28.37,129.48,69.8,14.99
839,Vardo,36,NO,1512355831,100,70.37,31.11,37.12,20.15
840,Malakal,0,SS,1512355831,52,9.53,31.66,69.34,7.63
842,Touros,92,BR,1512355832,83,-5.2,-35.46,79.96,14.23
847,San Vicente de Canete,0,PE,1512355833,92,-13.08,-76.38,58.94,1.03
848,Kamenka,92,RU,1512355834,89,51.32,42.77,35.05,14.23
854,Camana,44,PE,1512355835,100,-16.62,-72.71,61.46,7.96
855,Bathsheba,75,BB,1512352800,88,13.22,-59.52,78.8,10.29
856,Sao Joao da Barra,92,BR,1512355671,100,-21.64,-41.05,73.88,13.11
858,Namatanai,92,PG,1512355612,100,-3.67,152.43,78.56,17.58
859,Yurty,88,RU,1512355837,74,56.05,97.63,22.04,13.0
860,San Patricio,40,MX,1512351780,78,19.22,-104.7,77.0,2.59
869,Aklavik,20,CA,1512352800,77,68.22,-135.01,-2.21,6.93
872,Jaisalmer,0,IN,1512355842,62,26.91,70.92,54.49,3.94
875,Pochinki,92,RU,1512355843,94,54.7,44.87,34.37,11.43
879,Viedma,12,AR,1512355844,75,-40.81,-63.0,52.28,8.75
882,Kloulklubed,90,PW,1512352380,70,7.04,134.26,87.8,4.7
885,Quang Ngai,92,VN,1512355846,99,15.12,108.8,71.5,6.62
888,Santa Cruz de la Palma,0,ES,1512354600,77,28.68,-17.76,66.2,9.17
902,Balud,20,PH,1512352800,62,10.15,123.7,87.8,4.7
904,Tura,12,IN,1512355853,81,25.52,90.22,67.67,3.27
906,Ust-Nera,8,RU,1512355854,0,64.57,143.2,-43.35,1.59
907,Santiago del Estero,36,AR,1512355653,93,-27.8,-64.26,67.49,8.19
911,Ayr,75,GB,1512354000,93,55.46,-4.63,48.2,4.7
915,Roros,56,NO,1512354000,86,62.57,11.38,28.4,12.75
920,Los Llanos de Aridane,0,ES,1512354600,77,28.66,-17.92,66.2,9.17
928,Klaksvik,88,FO,1512354000,100,62.23,-6.59,42.8,6.96
931,Imphal,75,IN,1512352800,93,24.82,93.95,51.8,2.59
933,San Carlos de Bariloche,75,AR,1512352800,54,-41.15,-71.31,53.6,4.7
937,Talnakh,48,RU,1512355864,88,69.49,88.4,1.61,2.26
940,Cumpas,0,MX,1512355866,72,29.98,-109.78,53.36,2.37
942,Cibitoke,0,BI,1512355867,91,-2.89,29.12,51.34,2.15
948,Jieshou,0,CN,1512355870,78,33.26,115.36,43.37,10.42
954,Dunedin,0,NZ,1512355575,39,-45.87,170.5,77.71,3.38
958,Guerrero Negro,56,MX,1512355872,99,27.98,-114.06,62.77,7.18
960,Pabrade,90,LT,1512354000,92,55.0,25.78,26.6,8.05
961,General Roca,0,AR,1512352800,77,-39.03,-67.58,62.6,2.24
964,Ozerki,44,RU,1512355875,87,57.62,39.88,20.06,6.17
966,Puerto Madryn,0,AR,1512355876,90,-42.77,-65.04,55.34,16.69
967,Richards Bay,76,ZA,1512355689,82,-28.78,32.04,69.79,11.32
969,Maunabo,40,PR,1512352560,94,18.01,-65.9,80.6,4.7
970,Tutoia,0,BR,1512355877,78,-2.76,-42.27,79.87,16.02
971,Sorong,8,ID,1512355878,99,-0.88,131.25,85.09,10.2
979,The Valley,64,AI,1512355880,100,18.22,-63.06,80.5,15.35
982,Rayong,40,TH,1512352800,58,12.68,101.26,82.4,9.17
983,Port Hedland,0,AU,1512352800,52,-20.32,118.57,93.2,10.29
988,Daru,24,PG,1512355883,99,-9.08,143.21,85.22,3.94
991,Port Augusta,40,AU,1512352800,55,-32.5,137.77,66.2,12.75
993,Yinchuan,0,CN,1512355885,49,38.47,106.27,18.67,3.94
996,Khuzhir,64,RU,1512355886,100,53.19,107.34,9.31,4.5
998,Bay Roberts,90,CA,1512352800,96,47.6,-53.26,32.0,12.75
1003,Nelson Bay,75,AU,1512352800,83,-32.72,152.15,69.8,10.29
1004,Biltine,8,TD,1512355889,25,14.53,20.92,64.61,13.78
1005,Huazhou,36,CN,1512355889,83,21.63,110.58,68.48,7.74
1006,Boulsa,0,BF,1512355890,46,12.67,-0.58,60.52,5.61
1015,Nishihara,90,JP,1512353760,77,26.18,127.76,71.6,13.87
1019,Barrhead,75,GB,1512354000,93,55.8,-4.39,48.2,4.7
1020,Noumea,0,NC,1512354600,43,-22.28,166.46,89.6,16.11
1021,Huntington,1,US,1512353700,65,38.42,-82.45,41.0,2.26
1030,Baijiantan,20,CN,1512355897,80,45.63,85.18,15.29,2.93
1032,Ketchikan,90,US,1512354660,87,55.34,-131.65,42.8,10.29
1037,Buala,80,SB,1512355677,100,-8.14,159.59,79.91,6.62
1043,Tahe,0,CN,1512355901,59,52.33,124.73,-13.51,7.4
1044,Mbanza-Ngungu,44,CD,1512355901,91,-5.25,14.87,68.8,2.82
1046,Progreso,40,MX,1512351840,73,21.28,-89.67,77.0,6.93
1048,Kamaishi,75,JP,1512352800,100,39.27,141.88,39.2,3.36
1050,Chumikan,32,RU,1512355903,65,54.72,135.31,-8.7,16.02
1054,Hay River,90,CA,1512352800,84,60.82,-115.8,-0.41,4.7
1055,Kenai,90,US,1512352560,93,60.55,-151.26,39.2,25.28
1056,Kavaratti,32,IN,1512355905,97,10.57,72.64,83.11,22.84
1057,Dauphin,90,CA,1512352800,86,51.15,-100.05,26.6,6.93
1058,Boone,1,US,1512353700,76,36.22,-81.67,48.2,2.15
1060,Norman Wells,20,CA,1512352800,76,65.28,-126.83,-7.61,5.82
1065,Salalah,0,OM,1512352200,31,17.02,54.09,75.2,21.92
1066,Vicksburg,1,US,1512353700,72,32.35,-90.88,60.8,3.36
1071,Nikki,0,BJ,1512355911,59,9.94,3.21,63.53,2.93
1080,San Cristobal,40,VE,1512352800,78,7.77,-72.22,80.6,2.24
1094,Rongcheng,44,CN,1512355917,96,30.63,117.85,50.89,7.96
1096,Moussoro,0,TD,1512355918,26,13.64,16.49,60.83,10.42
1103,Kaabong,0,UG,1512355920,72,3.48,34.15,61.6,6.73
1104,Medea,40,DZ,1512354600,93,36.26,2.75,46.4,4.7
1107,Bubaque,0,GW,1512352800,83,11.28,-15.83,73.4,3.36
1108,Sao Miguel do Araguaia,0,BR,1512355922,90,-13.28,-50.16,74.56,2.71
1114,Marsa Matruh,20,EG,1512352800,100,31.35,27.25,51.8,3.36
1117,Houma,1,US,1512354900,100,29.6,-90.72,62.6,3.36
1119,Westport,75,US,1512354120,70,41.14,-73.36,46.4,4.7
1123,Yaring,75,TH,1512352800,94,6.87,101.37,80.6,5.82
1124,Kulhudhuffushi,0,MV,1512355928,100,6.62,73.07,82.66,10.09
1127,Northam,92,GB,1512352200,93,51.03,-4.22,42.8,4.7
1128,Santa Rosa,40,PH,1512352800,79,14.31,121.11,86.0,9.17
1129,China,0,MX,1512355930,64,25.7,-99.23,75.41,16.58
1134,Russell,1,US,1512352560,67,38.9,-98.86,62.6,17.22
1139,Jieshi,0,CN,1512355933,95,22.81,115.83,67.54,7.96
1143,Svetlaya,24,RU,1512355934,100,46.54,138.33,12.82,11.77
1145,Nuuk,80,GL,1512352200,85,64.18,-51.72,24.8,3.36
1149,Alexandria,0,EG,1512352800,87,31.22,29.96,57.2,2.24
1151,Butembo,12,CD,1512355937,95,0.15,29.28,58.0,1.25
1153,Lawrenceburg,1,US,1512354900,78,38.04,-84.9,44.6,7.63
1157,Lashio,0,MM,1512355939,77,22.93,97.75,63.89,2.59
1159,Svetlogorsk,92,BY,1512355939,96,52.63,29.73,28.12,6.17
1161,Port Blair,32,IN,1512355940,96,11.67,92.75,84.64,20.04
1162,Jumla,88,NP,1512355940,50,29.27,82.18,25.28,1.48
1164,Galle,0,LK,1512355776,100,6.04,80.22,79.73,1.92
1168,Micco,1,US,1512352680,88,27.88,-80.5,71.6,6.73
1175,Alpoyeca,32,MX,1512355944,71,17.67,-98.52,52.69,1.92
1180,Cassilandia,48,BR,1512355946,94,-19.11,-51.73,71.27,4.05
1182,Strelka,88,RU,1512355946,77,58.07,93.03,19.16,9.86
1192,Iqaluit,40,CA,1512353100,72,63.75,-68.51,17.6,19.46
1195,Khandyga,48,RU,1512355950,0,62.67,135.6,-44.02,2.59
1197,Manyana,68,BW,1512355951,79,-23.4,21.72,62.5,2.71
1199,Mahibadhoo,56,MV,1512355952,100,3.78,72.97,81.94,9.98
1208,Mali,32,GN,1512355955,82,12.08,-12.3,62.95,2.15
1211,Mirabad,0,AF,1512355956,48,30.44,61.84,32.48,13.11
1216,Lompoc,1,US,1512354900,50,34.64,-120.46,60.8,6.93
1218,Werda,0,BW,1512355958,77,-25.27,23.28,57.91,2.82
1219,Kunming,90,CN,1512352800,87,25.04,102.72,42.8,6.71
1240,Pervomayskoye,12,RU,1512355964,91,43.92,46.71,45.04,12.77
1243,Blytheville,1,US,1512353700,62,35.93,-89.92,59.0,5.82
1249,Omboue,92,GA,1512355967,100,-1.57,9.26,78.7,1.14
1252,Kimberley,0,ZA,1512352800,26,-28.73,24.76,57.2,3.36
1262,Den Helder,75,NL,1512354300,76,52.96,4.76,48.2,11.41
1267,Changji,64,CN,1512352800,73,44.02,87.32,24.8,4.47
1269,Ulaanbaatar,0,MN,1512354600,75,47.91,106.88,-14.81,4.72
1270,Dwarka,12,IN,1512355974,100,22.24,68.97,74.2,13.67
1271,Mezen,92,RU,1512355975,82,65.85,44.24,32.89,9.19
1274,Vila do Maio,40,CV,1512352800,69,15.13,-23.22,77.0,23.04
1278,Palmer,90,US,1512352560,80,42.16,-72.33,37.4,2.04
1282,Honningsvag,48,NO,1512355979,100,70.98,25.97,33.38,14.45
1283,Margate,40,GB,1512354000,87,51.38,1.39,42.8,3.36
1288,Limoges,90,FR,1512354600,93,45.83,1.26,32.0,2.24
